<?xml version="1.0" encoding="ISO-8859-1"?>
<metadata>
	<idinfo>
		<citation>
			<citeinfo>
				<origin>Regional Transportation District</origin>
				<pubdate>August 2007</pubdate>
				<title Sync="TRUE">BusRoutes</title>
				<geoform Sync="TRUE">vector digital data</geoform>
				<othercit>
For Route &amp; Schedule information
go to:  www.rtd-denver.com
</othercit>
				<onlink Sync="TRUE">\\GYRUS\C$\Documents and Settings\gisadmin\Local Settings\Temp\tmp3nbjic\BusRoutes\BusRoutes.shp</onlink>
				<ftname Sync="TRUE">BusRoutes</ftname></citeinfo>
		</citation>
		<descript>
			<abstract>RTD Route locations</abstract>
			<purpose>To display the locations of RTD's bus routes</purpose>
			<supplinf>www.rtd-denver.com</supplinf>
			<langdata Sync="TRUE">en</langdata></descript>
		<timeperd>
			<timeinfo>
				<sngdate>
					<caldate>August 2007</caldate>
				</sngdate>
			</timeinfo>
			<current>publication date</current>
		</timeperd>
		<status>
			<progress>In work</progress>
			<update>Quarterly</update>
		</status>
		<spdom>
			<bounding>
				<westbc Sync="TRUE">-105.578019</westbc>
				<eastbc Sync="TRUE">-104.664703</eastbc>
				<northbc Sync="TRUE">40.225593</northbc>
				<southbc Sync="TRUE">39.382000</southbc>
			</bounding>
			<lboundng><leftbc Sync="TRUE">2978211.250000</leftbc><rightbc Sync="TRUE">3233284.000000</rightbc><bottombc Sync="TRUE">1565083.875000</bottombc><topbc Sync="TRUE">1871329.125000</topbc></lboundng></spdom>
		<keywords>
			<theme>
				<themekt>RTD Bus Routes</themekt>
				<themekey>RTD Bus Routes</themekey>
			</theme>
		</keywords>
		<accconst>General use only.  Data is made available to the public.</accconst>
		<useconst>Locations are for planning purposes only and is not intended to be used for any design or construction tasks.</useconst>
		<ptcontac>
			<cntinfo>
				<cntperp>
					<cntper>Dan Jackson</cntper>
					<cntorg>Regional Transportation District (RTD)</cntorg>
				</cntperp>
				<cntpos>GIS Administrator</cntpos>
				<cntaddr>
					<addrtype>mailing and physical address</addrtype>
					<address>1560 Broadway Suite 510</address>
					<address>FAS-51</address>
					<city>Denver</city>
					<state>CO</state>
					<postal>80202</postal>
					<country>US</country>
				</cntaddr>
				<cntvoice>303-299-6132</cntvoice>
				<cntfax>303-299-6191</cntfax>
				<cntemail>dan.jackson@rtd-denver.com</cntemail>
				<hours>8-5</hours>
			</cntinfo>
		</ptcontac>
		<native Sync="TRUE">Microsoft Windows 2000 Version 5.2 (Build 3790) Service Pack 2; ESRI ArcCatalog 9.3.1.4000</native>
		<natvform Sync="TRUE">Shapefile</natvform></idinfo>
	<dataqual>
		<lineage>
			<procstep>
				<procdesc>Metadata imported.</procdesc>
				<srcused>C:\Temp\xml147.tmp</srcused>
			</procstep>
			<procstep><procdesc Sync="TRUE">Metadata imported.</procdesc><srcused Sync="TRUE">C:\WINDOWS\Temp\xml5881.tmp</srcused><date Sync="TRUE">20070910</date><time Sync="TRUE">11214600</time></procstep><procstep><procdesc Sync="TRUE">Dataset copied.</procdesc><srcused Sync="TRUE">Server=galactus; Service=5152; User=rtd; Version=RTD.5152 RTD</srcused><date Sync="TRUE">20080630</date><time Sync="TRUE">12240000</time></procstep><procstep><procdesc Sync="TRUE">Dataset copied.</procdesc><srcused Sync="TRUE">\\graphite\gisdata\GDB\DataPrep.gdb</srcused><date Sync="TRUE">20080630</date><time Sync="TRUE">14582400</time></procstep><procstep><procdesc Sync="TRUE">Dataset copied.</procdesc><srcused Sync="TRUE">Server=galactus; Service=5152; User=rtd; Version=RTD.5152 RTD</srcused><date Sync="TRUE">20080916</date><time Sync="TRUE">08074300</time></procstep><procstep><procdesc Sync="TRUE">Dataset copied.</procdesc><srcused Sync="TRUE">Server=granite; Service=5152; Database=gisprod; User=rtd; Version=SDE.DEFAULT</srcused><date Sync="TRUE">20090210</date><time Sync="TRUE">17162100</time></procstep></lineage>
	</dataqual>
	<spdoinfo>
		<direct Sync="TRUE">Vector</direct>
		<ptvctinf>
			<sdtsterm Name="BusRoutes">
				<sdtstype Sync="TRUE">String</sdtstype>
				<ptvctcnt Sync="TRUE">0</ptvctcnt>
			</sdtsterm>
			<esriterm Name="BusRoutes"><efeatyp Sync="TRUE">Simple</efeatyp><efeageom Sync="TRUE">Polyline</efeageom><esritopo Sync="TRUE">FALSE</esritopo><efeacnt Sync="TRUE">0</efeacnt><spindex Sync="TRUE">FALSE</spindex><linrefer Sync="TRUE">FALSE</linrefer></esriterm></ptvctinf>
	</spdoinfo>
	<spref>
		<horizsys>
			<planar>
				<planci>
					<plance Sync="TRUE">coordinate pair</plance>
					<coordrep>
						<absres Sync="TRUE">0.000000</absres>
						<ordres Sync="TRUE">0.000000</ordres>
					</coordrep>
					<plandu Sync="TRUE">survey feet</plandu>
				</planci>
				<mapproj><mapprojn Sync="TRUE">Lambert Conformal Conic</mapprojn><lambertc><stdparll Sync="TRUE">38.450000</stdparll><stdparll Sync="TRUE">39.750000</stdparll><longcm Sync="TRUE">-105.500000</longcm><latprjo Sync="TRUE">37.833333</latprjo><feast Sync="TRUE">3000000.000316</feast><fnorth Sync="TRUE">999999.999996</fnorth></lambertc></mapproj></planar>
			<geodetic>
				<horizdn Sync="TRUE">North American Datum of 1983</horizdn>
				<ellips Sync="TRUE">Geodetic Reference System 80</ellips>
				<semiaxis Sync="TRUE">6378137.000000</semiaxis>
				<denflat Sync="TRUE">298.257222</denflat>
			</geodetic>
			<cordsysn><geogcsn Sync="TRUE">GCS_North_American_1983</geogcsn><projcsn Sync="TRUE">NAD_1983_StatePlane_Colorado_Central_FIPS_0502_Feet</projcsn></cordsysn></horizsys>
		<vertdef>
			<altsys>
				<altres Sync="TRUE">1.000000</altres>
				<altenc Sync="TRUE">Explicit elevation coordinate included with horizontal coordinates</altenc>
			</altsys>
		</vertdef>
	</spref>
	<eainfo>
		<detailed Name="BusRoutes">
			<enttyp>
				<enttypl Sync="TRUE">BusRoutes</enttypl>
				<enttypt Sync="TRUE">Feature Class</enttypt><enttypc Sync="TRUE">0</enttypc></enttyp>
			<attr><attrlabl Sync="TRUE">FID</attrlabl><attalias Sync="TRUE">FID</attalias><attrtype Sync="TRUE">OID</attrtype><attwidth Sync="TRUE">4</attwidth><atprecis Sync="TRUE">0</atprecis><attscale Sync="TRUE">0</attscale><attrdef Sync="TRUE">Internal feature number.</attrdef><attrdefs Sync="TRUE">ESRI</attrdefs><attrdomv><udom Sync="TRUE">Sequential unique whole numbers that are automatically generated.</udom></attrdomv></attr><attr>
				<attrlabl>ROUTE</attrlabl>
				<attalias Sync="TRUE">ROUTE</attalias><attrtype Sync="TRUE">String</attrtype><attwidth Sync="TRUE">7</attwidth></attr>
			<attr>
				<attrlabl>NAME</attrlabl>
				<attalias Sync="TRUE">NAME</attalias><attrtype Sync="TRUE">String</attrtype><attwidth Sync="TRUE">35</attwidth></attr>
			<attr>
				<attrlabl>TYPE</attrlabl>
				<attalias Sync="TRUE">TYPE</attalias><attrtype Sync="TRUE">String</attrtype><attwidth Sync="TRUE">3</attwidth></attr>
			<attr><attrlabl Sync="TRUE">SHAPE</attrlabl><attalias Sync="TRUE">Shape</attalias><attrtype Sync="TRUE">Geometry</attrtype><attwidth Sync="TRUE">0</attwidth><atprecis Sync="TRUE">0</atprecis><attscale Sync="TRUE">0</attscale><attrdef Sync="TRUE">Feature geometry.</attrdef><attrdefs Sync="TRUE">ESRI</attrdefs><attrdomv><udom Sync="TRUE">Coordinates defining the features.</udom></attrdomv></attr><attr><attrlabl Sync="TRUE">SCHEDULE</attrlabl><attalias Sync="TRUE">SCHEDULE</attalias><attrtype Sync="TRUE">String</attrtype><attwidth Sync="TRUE">100</attwidth></attr></detailed>
	</eainfo>
	<distinfo>
		<resdesc>Downloadable Data</resdesc>
		<stdorder><digform><digtinfo><transize Sync="TRUE">0.000</transize><dssize Sync="TRUE">0.000</dssize></digtinfo></digform></stdorder></distinfo>
	<metainfo>
		<metd Sync="TRUE">20160530</metd>
		<metc>
			<cntinfo>
				<cntperp>
					<cntper>Dan Jackson</cntper>
					<cntorg>RTD</cntorg>
				</cntperp>
				<cntpos>GIS Administrator</cntpos>
				<cntaddr>
					<addrtype>mailing and physical address</addrtype>
					<address>1560 Broadway Suite 510</address>
					<address>FAS-51</address>
					<city>Denver</city>
					<state>CO</state>
					<postal>80202</postal>
					<country>US</country>
				</cntaddr>
				<cntvoice>303-299-6132</cntvoice>
				<cntemail>dan.jackson@rtd-denver.com</cntemail>
				<cntorgp><cntper>REQUIRED: The person responsible for the metadata information.</cntper><cntorg>REQUIRED: The organization responsible for the metadata information.</cntorg></cntorgp></cntinfo>
		</metc>
		<metstdn Sync="TRUE">FGDC Content Standards for Digital Geospatial Metadata</metstdn>
		<metstdv Sync="TRUE">FGDC-STD-001-1998</metstdv>
		<mettc Sync="TRUE">local time</mettc>
		<metextns>
			<onlink>http://www.esri.com/metadata/esriprof80.html</onlink>
			<metprof>ESRI Metadata Profile</metprof>
		</metextns>
		<metextns>
			<onlink>http://www.esri.com/metadata/esriprof80.html</onlink>
			<metprof>ESRI Metadata Profile</metprof>
		</metextns>
		<langmeta Sync="TRUE">en</langmeta><metextns><onlink Sync="TRUE">http://www.esri.com/metadata/esriprof80.html</onlink><metprof Sync="TRUE">ESRI Metadata Profile</metprof></metextns></metainfo>
	<Esri><CreaDate>20090210</CreaDate><CreaTime>17162100</CreaTime><SyncOnce>FALSE</SyncOnce><SyncDate>20160530</SyncDate><SyncTime>03000500</SyncTime><ModDate>20160530</ModDate><ModTime>03000500</ModTime><DataProperties><lineage><Process Name="FeatureClassToFeatureClass_4" ToolSource="C:\Program Files\ArcGIS\ArcToolbox\Toolboxes\Conversion Tools.tbx\FeatureClassToFeatureClass" Date="20071001" Time="075240">FeatureClassToFeatureClass "Database Connections\GalactusGIS1_RTD.sde\RTD.Transportation\RTD.BusRoutes" "Database Connections\GalactusGIS1_RTD.sde\RTD.Transportation_new" BusRoutes_new # "ROUTE ROUTE true true false 7 Text 0 0 ,First,#,Database Connections\GalactusGIS1_RTD.sde\RTD.Transportation\RTD.BusRoutes,ROUTE,-1,-1;NAME NAME true true false 35 Text 0 0 ,First,#,Database Connections\GalactusGIS1_RTD.sde\RTD.Transportation\RTD.BusRoutes,NAME,-1,-1;TYPE TYPE true true false 3 Text 0 0 ,First,#,Database Connections\GalactusGIS1_RTD.sde\RTD.Transportation\RTD.BusRoutes,TYPE,-1,-1;SCHEDULE_URL SCHEDULE_URL true true false 100 Text 0 0 ,First,#,Database Connections\GalactusGIS1_RTD.sde\RTD.Transportation\RTD.BusRoutes,SCHEDULE_URL,-1,-1;LEN LEN false false true 0 Double 0 0 ,First,#,Database Connections\GalactusGIS1_RTD.sde\RTD.Transportation\RTD.BusRoutes,ROUTES_D_SHAPE.LEN,-1,-1" LINE_DATA_ST "Database Connections\GalactusGIS1_RTD.sde\RTD.Transportation_new\RTD.BusRoutes_new"</Process><Process ToolSource="C:\Program Files\ArcGIS\ArcToolbox\Toolboxes\Data Management Tools.tbx\DeleteRows" Date="20071128" Time="143343">DeleteRows "Database Connections\DC_GalactusGIS1_RTD.sde\RTD.Transportation\RTD.BusRoutes" "Database Connections\DC_GalactusGIS1_RTD.sde\RTD.Transportation\RTD.BusRoutes"</Process><Process Name="Delete Rows (2)" ToolSource="C:\Program Files\ArcGIS\ArcToolbox\Toolboxes\Data Management Tools.tbx\DeleteRows" Date="20080108" Time="133546">DeleteRows "Database Connections\GalactusGIS1_RTD.sde\RTD.Transportation\RTD.BusRoutes" "Database Connections\GalactusGIS1_RTD.sde\RTD.Transportation\RTD.BusRoutes"</Process><Process Name="Delete Rows (2)" ToolSource="C:\Program Files\ArcGIS\ArcToolbox\Toolboxes\Data Management Tools.tbx\DeleteRows" Date="20080108" Time="140554">DeleteRows "Database Connections\DC_GalactusGIS1_RTD.sde\RTD.Transportation\RTD.BusRoutes" "Database Connections\DC_GalactusGIS1_RTD.sde\RTD.Transportation\RTD.BusRoutes"</Process><Process Name="Append (2)" ToolSource="C:\Program Files\ArcGIS\ArcToolbox\Toolboxes\Data Management Tools.tbx\Append" Date="20080108" Time="140601">Append 'Database Connections\GalactusGIS1_RTD.sde\RTD.TransportationFuture\RTD.BusRoutesFuture' "Database Connections\DC_GalactusGIS1_RTD.sde\RTD.Transportation\RTD.BusRoutes" NO_TEST "ROUTE ROUTE true true false 7 Text 0 0 ,First,#,Database Connections\GalactusGIS1_RTD.sde\RTD.TransportationFuture\RTD.BusRoutesFuture,ROUTE,-1,-1;NAME NAME true true false 35 Text 0 0 ,First,#,Database Connections\GalactusGIS1_RTD.sde\RTD.TransportationFuture\RTD.BusRoutesFuture,NAME,-1,-1;TYPE TYPE true true false 3 Text 0 0 ,First,#,Database Connections\GalactusGIS1_RTD.sde\RTD.TransportationFuture\RTD.BusRoutesFuture,TYPE,-1,-1;SCHEDULE_URL SCHEDULE_URL true true false 100 Text 0 0 ,First,#,Database Connections\GalactusGIS1_RTD.sde\RTD.TransportationFuture\RTD.BusRoutesFuture,SCHEDULE_URL,-1,-1;LEN LEN false true true 8 Double 8 38 ,First,#;LEN LEN false false true 0 Double 0 0 ,First,#" "Database Connections\DC_GalactusGIS1_RTD.sde\RTD.Transportation\RTD.BusRoutes"</Process><Process ToolSource="C:\Program Files\ArcGIS\ArcToolbox\Toolboxes\Data Management Tools.tbx\DeleteRows" Date="20080428" Time="091407">DeleteRows "Database Connections\GalactusGIS1_RTD.sde\RTD.Transportation\RTD.BusRoutes" "Database Connections\GalactusGIS1_RTD.sde\RTD.Transportation\RTD.BusRoutes"</Process><Process Name="Delete Rows (2)" ToolSource="C:\Program Files\ArcGIS\ArcToolbox\Toolboxes\Data Management Tools.tbx\DeleteRows" Date="20080428" Time="095532">DeleteRows "Database Connections\DC_GalactusGIS1_RTD.sde\RTD.Transportation\RTD.BusRoutes" "Database Connections\DC_GalactusGIS1_RTD.sde\RTD.Transportation\RTD.BusRoutes"</Process><Process Name="Append (2)" ToolSource="C:\Program Files\ArcGIS\ArcToolbox\Toolboxes\Data Management Tools.tbx\Append" Date="20080428" Time="095538">Append 'Database Connections\GalactusGIS1_RTD.sde\RTD.TransportationFuture\RTD.BusRoutesFuture' "Database Connections\DC_GalactusGIS1_RTD.sde\RTD.Transportation\RTD.BusRoutes" NO_TEST "ROUTE ROUTE true true false 7 Text 0 0 ,First,#,Database Connections\GalactusGIS1_RTD.sde\RTD.TransportationFuture\RTD.BusRoutesFuture,ROUTE,-1,-1;NAME NAME true true false 35 Text 0 0 ,First,#,Database Connections\GalactusGIS1_RTD.sde\RTD.TransportationFuture\RTD.BusRoutesFuture,NAME,-1,-1;TYPE TYPE true true false 3 Text 0 0 ,First,#,Database Connections\GalactusGIS1_RTD.sde\RTD.TransportationFuture\RTD.BusRoutesFuture,TYPE,-1,-1;SCHEDULE_URL SCHEDULE_URL true true false 100 Text 0 0 ,First,#,Database Connections\GalactusGIS1_RTD.sde\RTD.TransportationFuture\RTD.BusRoutesFuture,SCHEDULE_URL,-1,-1;LEN LEN false true true 8 Double 8 38 ,First,#;LEN LEN false false true 0 Double 0 0 ,First,#" "Database Connections\DC_GalactusGIS1_RTD.sde\RTD.Transportation\RTD.BusRoutes"</Process><Process Name="Delete Rows (2)" ToolSource="C:\Program Files\ArcGIS\ArcToolbox\Toolboxes\Data Management Tools.tbx\DeleteRows" Date="20080428" Time="132056">DeleteRows "Database Connections\DC_GalactusGIS1_RTD.sde\RTD.Transportation\RTD.BusRoutes" "Database Connections\DC_GalactusGIS1_RTD.sde\RTD.Transportation\RTD.BusRoutes"</Process><Process Name="Delete Rows (2)" ToolSource="C:\Program Files\ArcGIS\ArcToolbox\Toolboxes\Data Management Tools.tbx\DeleteRows" Date="20080820" Time="084600">DeleteRows "Database Connections\DC_GalactusGIS1_RTD.sde\RTD.Transportation\RTD.BusRoutes" "Database Connections\DC_GalactusGIS1_RTD.sde\RTD.Transportation\RTD.BusRoutes"</Process><Process Name="Delete Rows (2)" ToolSource="C:\Program Files\ArcGIS\ArcToolbox\Toolboxes\Data Management Tools.tbx\DeleteRows" Date="20090112" Time="075538">DeleteRows "Database Connections\DC_GalactusGIS2_RTD.sde\RTD.Transportation\RTD.BusRoutes" "Database Connections\DC_GalactusGIS2_RTD.sde\RTD.Transportation\RTD.BusRoutes"</Process><Process Name="Delete Rows (2)" ToolSource="C:\Program Files\ArcGIS\ArcToolbox\Toolboxes\Data Management Tools.tbx\DeleteRows" Date="20090112" Time="085304">DeleteRows "Database Connections\DC_GalactusGIS2_RTD.sde\RTD.Transportation\RTD.BusRoutes" "Database Connections\DC_GalactusGIS2_RTD.sde\RTD.Transportation\RTD.BusRoutes"</Process><Process Name="Delete Rows (2)" ToolSource="C:\Program Files\ArcGIS\ArcToolbox\Toolboxes\Data Management Tools.tbx\DeleteRows" Date="20090112" Time="101245">DeleteRows "Database Connections\DC_GalactusGIS2_RTD.sde\RTD.Transportation\RTD.BusRoutes" "Database Connections\DC_GalactusGIS2_RTD.sde\RTD.Transportation\RTD.BusRoutes"</Process><Process Name="Delete Rows (2)" ToolSource="C:\Program Files\ArcGIS\ArcToolbox\Toolboxes\Data Management Tools.tbx\DeleteRows" Date="20090112" Time="102946">DeleteRows "Database Connections\DC_GalactusGIS2_RTD.sde\RTD.Transportation\RTD.BusRoutes" "Database Connections\DC_GalactusGIS2_RTD.sde\RTD.Transportation\RTD.BusRoutes"</Process><Process ToolSource="C:\Program Files (x86)\ArcGIS\ArcToolbox\Toolboxes\Data Management Tools.tbx\CopyFeatures" Date="20090128" Time="120831">CopyFeatures "Database Connections\GalactusGIS2_RTD.sde\RTD.Transportation\RTD.BusRoutes" "Database Connections\GraniteGIS2_RTD.sde\RTD.Transportation\RTD.RTD_BusRoutes" # 0 0 0</Process><Process Name="Delete Rows (2)" ToolSource="C:\Program Files\ArcGIS\ArcToolbox\Toolboxes\Data Management Tools.tbx\DeleteRows" Date="20090501" Time="070450">DeleteRows "Database Connections\GraniteGISProd_RTD.sde\RTD.Transportation\RTD.BusRoutes" "Database Connections\GraniteGISProd_RTD.sde\RTD.Transportation\RTD.BusRoutes"</Process><Process Name="Append (2)" ToolSource="C:\Program Files\ArcGIS\ArcToolbox\Toolboxes\Data Management Tools.tbx\Append" Date="20090501" Time="070457">Append 'Database Connections\GraniteGISProd_RTD.sde\RTD.TransportationFuture\RTD.BusRoutesFuture' "Database Connections\GraniteGISProd_RTD.sde\RTD.Transportation\RTD.BusRoutes" NO_TEST "ROUTE ROUTE true true false 7 Text 0 0 ,First,#,Database Connections\GraniteGISProd_RTD.sde\RTD.TransportationFuture\RTD.BusRoutesFuture,ROUTE,-1,-1;NAME NAME true true false 35 Text 0 0 ,First,#,Database Connections\GraniteGISProd_RTD.sde\RTD.TransportationFuture\RTD.BusRoutesFuture,NAME,-1,-1;TYPE TYPE true true false 3 Text 0 0 ,First,#,Database Connections\GraniteGISProd_RTD.sde\RTD.TransportationFuture\RTD.BusRoutesFuture,TYPE,-1,-1;SCHEDULE_URL SCHEDULE_URL true true false 100 Text 0 0 ,First,#,Database Connections\GraniteGISProd_RTD.sde\RTD.TransportationFuture\RTD.BusRoutesFuture,SCHEDULE_URL,-1,-1;RTD_BUSROUTES_LEN LEN true true false 8 Double 8 38 ,First,#;SE_ANNO_CAD_DATA SE_ANNO_CAD_DATA true true false 0 Blob 0 0 ,First,#,Database Connections\GraniteGISProd_RTD.sde\RTD.TransportationFuture\RTD.BusRoutesFuture,SE_ANNO_CAD_DATA,-1,-1;LEN LEN false false true 0 Double 0 0 ,First,#" "Database Connections\GraniteGISProd_RTD.sde\RTD.Transportation\RTD.BusRoutes"</Process><Process Name="Delete Rows (2)" ToolSource="C:\Program Files\ArcGIS\ArcToolbox\Toolboxes\Data Management Tools.tbx\DeleteRows" Date="20100401" Time="131816">DeleteRows "Database Connections\GraniteGISProd_RTD.sde\RTD.Transportation\RTD.BusRoutes" "Database Connections\GraniteGISProd_RTD.sde\RTD.Transportation\RTD.BusRoutes"</Process><Process Name="Append (2)" ToolSource="C:\Program Files\ArcGIS\ArcToolbox\Toolboxes\Data Management Tools.tbx\Append" Date="20100401" Time="131821">Append 'Database Connections\GraniteGISProd_RTD.sde\RTD.TransportationFuture\RTD.BusRoutesFuture' "Database Connections\GraniteGISProd_RTD.sde\RTD.Transportation\RTD.BusRoutes" NO_TEST "ROUTE ROUTE true true false 7 Text 0 0 ,First,#,Database Connections\GraniteGISProd_RTD.sde\RTD.TransportationFuture\RTD.BusRoutesFuture,ROUTE,-1,-1;NAME NAME true true false 35 Text 0 0 ,First,#,Database Connections\GraniteGISProd_RTD.sde\RTD.TransportationFuture\RTD.BusRoutesFuture,NAME,-1,-1;TYPE TYPE true true false 3 Text 0 0 ,First,#,Database Connections\GraniteGISProd_RTD.sde\RTD.TransportationFuture\RTD.BusRoutesFuture,TYPE,-1,-1;SCHEDULE_URL SCHEDULE_URL true true false 100 Text 0 0 ,First,#,Database Connections\GraniteGISProd_RTD.sde\RTD.TransportationFuture\RTD.BusRoutesFuture,SCHEDULE_URL,-1,-1;RTD_BUSROUTES_LEN LEN true true false 8 Double 8 38 ,First,#;SE_ANNO_CAD_DATA SE_ANNO_CAD_DATA true true false 0 Blob 0 0 ,First,#,Database Connections\GraniteGISProd_RTD.sde\RTD.TransportationFuture\RTD.BusRoutesFuture,SE_ANNO_CAD_DATA,-1,-1;LEN LEN false false true 0 Double 0 0 ,First,#" "Database Connections\GraniteGISProd_RTD.sde\RTD.Transportation\RTD.BusRoutes"</Process><Process Name="DeleteFeatures_1" ToolSource="C:\Program Files\ArcGIS\ArcToolbox\Toolboxes\Data Management Tools.tbx\DeleteFeatures" Date="20100401" Time="132533">DeleteFeatures "Database Connections\GISPROD on Granite as RTDSTAGING.sde\RTD.Transportation\RTD.BusRoutes" "Database Connections\GISPROD on Granite as RTDSTAGING.sde\RTD.Transportation\RTD.BusRoutes"</Process><Process Name="Delete Rows (2)" ToolSource="C:\Program Files\ArcGIS\ArcToolbox\Toolboxes\Data Management Tools.tbx\DeleteRows" Date="20100820" Time="074943">DeleteRows "Database Connections\GraniteGISProd_RTD.sde\RTD.Transportation\RTD.BusRoutes" "Database Connections\GraniteGISProd_RTD.sde\RTD.Transportation\RTD.BusRoutes"</Process><Process Name="Append (2)" ToolSource="C:\Program Files\ArcGIS\ArcToolbox\Toolboxes\Data Management Tools.tbx\Append" Date="20100820" Time="074947">Append 'Database Connections\GraniteGISProd_RTD.sde\RTD.TransportationFuture\RTD.BusRoutesFuture' "Database Connections\GraniteGISProd_RTD.sde\RTD.Transportation\RTD.BusRoutes" NO_TEST "ROUTE ROUTE true true false 7 Text 0 0 ,First,#,Database Connections\GraniteGISProd_RTD.sde\RTD.TransportationFuture\RTD.BusRoutesFuture,ROUTE,-1,-1;NAME NAME true true false 35 Text 0 0 ,First,#,Database Connections\GraniteGISProd_RTD.sde\RTD.TransportationFuture\RTD.BusRoutesFuture,NAME,-1,-1;TYPE TYPE true true false 3 Text 0 0 ,First,#,Database Connections\GraniteGISProd_RTD.sde\RTD.TransportationFuture\RTD.BusRoutesFuture,TYPE,-1,-1;SCHEDULE_URL SCHEDULE_URL true true false 100 Text 0 0 ,First,#,Database Connections\GraniteGISProd_RTD.sde\RTD.TransportationFuture\RTD.BusRoutesFuture,SCHEDULE_URL,-1,-1;RTD_BUSROUTES_LEN LEN true true false 8 Double 8 38 ,First,#;SE_ANNO_CAD_DATA SE_ANNO_CAD_DATA true true false 0 Blob 0 0 ,First,#,Database Connections\GraniteGISProd_RTD.sde\RTD.TransportationFuture\RTD.BusRoutesFuture,SE_ANNO_CAD_DATA,-1,-1;LEN LEN false false true 0 Double 0 0 ,First,#" "Database Connections\GraniteGISProd_RTD.sde\RTD.Transportation\RTD.BusRoutes"</Process><Process ToolSource="C:\Program Files\ArcGIS\ArcToolbox\Toolboxes\Data Management Tools.tbx\DeleteFeatures" Date="20110106" Time="110736">DeleteFeatures "Database Connections\GraniteGISProd_RTD.sde\RTD.Transportation\RTD.BusRoutes" "Database Connections\GraniteGISProd_RTD.sde\RTD.Transportation\RTD.BusRoutes"</Process><Process ToolSource="C:\Program Files\ArcGIS\ArcToolbox\Toolboxes\Data Management Tools.tbx\DeleteFeatures" Date="20110513" Time="092154">DeleteFeatures "Database Connections\GraniteGISProd_RTD.sde\RTD.Transportation\RTD.BusRoutes" "Database Connections\GraniteGISProd_RTD.sde\RTD.Transportation\RTD.BusRoutes"</Process><Process ToolSource="C:\Program Files\ArcGIS\ArcToolbox\Toolboxes\Data Management Tools.tbx\DeleteFeatures" Date="20110819" Time="094454">DeleteFeatures "Database Connections\GraniteGISProd_RTD.sde\RTD.Transportation\RTD.BusRoutes" "Database Connections\GraniteGISProd_RTD.sde\RTD.Transportation\RTD.BusRoutes"</Process><Process ToolSource="C:\Program Files\ArcGIS\ArcToolbox\Toolboxes\Data Management Tools.tbx\DeleteFeatures" Date="20110823" Time="102216">DeleteFeatures "Database Connections\GraniteGISProd_RTD.sde\RTD.Transportation\RTD.BusRoutes" "Database Connections\GraniteGISProd_RTD.sde\RTD.Transportation\RTD.BusRoutes"</Process><Process ToolSource="C:\Program Files\ArcGIS\ArcToolbox\Toolboxes\Data Management Tools.tbx\DeleteFeatures" Date="20120120" Time="092602">DeleteFeatures "Database Connections\GraniteGISProd_RTD.sde\RTD.Transportation\RTD.BusRoutes" "Database Connections\GraniteGISProd_RTD.sde\RTD.Transportation\RTD.BusRoutes"</Process><Process ToolSource="C:\Program Files\ArcGIS\ArcToolbox\Toolboxes\Data Management Tools.tbx\DeleteFeatures" Date="20120511" Time="105005">DeleteFeatures "Database Connections\GraniteGISProd_RTD.sde\RTD.Transportation\RTD.BusRoutes" "Database Connections\GraniteGISProd_RTD.sde\RTD.Transportation\RTD.BusRoutes"</Process><Process Name="Delete Rows (2)" ToolSource="C:\Program Files\ArcGIS\ArcToolbox\Toolboxes\Data Management Tools.tbx\DeleteRows" Date="20120817" Time="133751">DeleteRows "Database Connections\GraniteGISProd_RTD.sde\RTD.Transportation\RTD.BusRoutes" "Database Connections\GraniteGISProd_RTD.sde\RTD.Transportation\RTD.BusRoutes"</Process><Process Name="Append (2)" ToolSource="C:\Program Files\ArcGIS\ArcToolbox\Toolboxes\Data Management Tools.tbx\Append" Date="20120817" Time="133800">Append 'Database Connections\GraniteGISProd_RTD.sde\RTD.TransportationFuture\RTD.BusRoutesFuture' "Database Connections\GraniteGISProd_RTD.sde\RTD.Transportation\RTD.BusRoutes" NO_TEST "ROUTE 'ROUTE' true true false 7 Text 0 0 ,First,#,Database Connections\GraniteGISProd_RTD.sde\RTD.TransportationFuture\RTD.BusRoutesFuture,ROUTE,-1,-1;NAME 'NAME' true true false 35 Text 0 0 ,First,#,Database Connections\GraniteGISProd_RTD.sde\RTD.TransportationFuture\RTD.BusRoutesFuture,NAME,-1,-1;TYPE 'TYPE' true true false 3 Text 0 0 ,First,#,Database Connections\GraniteGISProd_RTD.sde\RTD.TransportationFuture\RTD.BusRoutesFuture,TYPE,-1,-1;SCHEDULE_URL 'SCHEDULE_URL' true true false 100 Text 0 0 ,First,#,Database Connections\GraniteGISProd_RTD.sde\RTD.TransportationFuture\RTD.BusRoutesFuture,SCHEDULE_URL,-1,-1;RTD_BUSROUTES_LEN 'LEN' true true false 8 Double 8 38 ,First,#;SE_ANNO_CAD_DATA 'SE_ANNO_CAD_DATA' true true false 0 Blob 0 0 ,First,#,Database Connections\GraniteGISProd_RTD.sde\RTD.TransportationFuture\RTD.BusRoutesFuture,SE_ANNO_CAD_DATA,-1,-1;SHAPE.LEN 'SHAPE.LEN' false false true 0 Double 0 0 ,First,#,Database Connections\GraniteGISProd_RTD.sde\RTD.TransportationFuture\RTD.BusRoutesFuture,SHAPE.LEN,-1,-1" # "Database Connections\GraniteGISProd_RTD.sde\RTD.Transportation\RTD.BusRoutes"</Process><Process Name="Delete Rows (2)" ToolSource="C:\Program Files\ArcGIS\ArcToolbox\Toolboxes\Data Management Tools.tbx\DeleteRows" Date="20130104" Time="140238">DeleteRows "Database Connections\GraniteGISProd_RTD.sde\RTD.Transportation\RTD.BusRoutes" "Database Connections\GraniteGISProd_RTD.sde\RTD.Transportation\RTD.BusRoutes"</Process><Process Name="Append (2)" ToolSource="C:\Program Files\ArcGIS\ArcToolbox\Toolboxes\Data Management Tools.tbx\Append" Date="20130104" Time="140244">Append 'Database Connections\GraniteGISProd_RTD.sde\RTD.TransportationFuture\RTD.BusRoutesFuture' "Database Connections\GraniteGISProd_RTD.sde\RTD.Transportation\RTD.BusRoutes" NO_TEST "ROUTE 'ROUTE' true true false 7 Text 0 0 ,First,#,Database Connections\GraniteGISProd_RTD.sde\RTD.TransportationFuture\RTD.BusRoutesFuture,ROUTE,-1,-1;NAME 'NAME' true true false 35 Text 0 0 ,First,#,Database Connections\GraniteGISProd_RTD.sde\RTD.TransportationFuture\RTD.BusRoutesFuture,NAME,-1,-1;TYPE 'TYPE' true true false 3 Text 0 0 ,First,#,Database Connections\GraniteGISProd_RTD.sde\RTD.TransportationFuture\RTD.BusRoutesFuture,TYPE,-1,-1;SCHEDULE_URL 'SCHEDULE_URL' true true false 100 Text 0 0 ,First,#,Database Connections\GraniteGISProd_RTD.sde\RTD.TransportationFuture\RTD.BusRoutesFuture,SCHEDULE_URL,-1,-1;RTD_BUSROUTES_LEN 'LEN' true true false 8 Double 8 38 ,First,#;SE_ANNO_CAD_DATA 'SE_ANNO_CAD_DATA' true true false 0 Blob 0 0 ,First,#,Database Connections\GraniteGISProd_RTD.sde\RTD.TransportationFuture\RTD.BusRoutesFuture,SE_ANNO_CAD_DATA,-1,-1;SHAPE.LEN 'SHAPE.LEN' false false true 0 Double 0 0 ,First,#,Database Connections\GraniteGISProd_RTD.sde\RTD.TransportationFuture\RTD.BusRoutesFuture,SHAPE.LEN,-1,-1" # "Database Connections\GraniteGISProd_RTD.sde\RTD.Transportation\RTD.BusRoutes"</Process><Process Name="Delete Rows (2)" ToolSource="C:\Program Files\ArcGIS\ArcToolbox\Toolboxes\Data Management Tools.tbx\DeleteRows" Date="20130109" Time="110229">DeleteRows "Database Connections\GraniteGISProd_RTD.sde\RTD.Transportation\RTD.BusRoutes" "Database Connections\GraniteGISProd_RTD.sde\RTD.Transportation\RTD.BusRoutes"</Process><Process Name="Append (2)" ToolSource="C:\Program Files\ArcGIS\ArcToolbox\Toolboxes\Data Management Tools.tbx\Append" Date="20130109" Time="110234">Append 'Database Connections\GraniteGISProd_RTD.sde\RTD.TransportationFuture\RTD.BusRoutesFuture' "Database Connections\GraniteGISProd_RTD.sde\RTD.Transportation\RTD.BusRoutes" NO_TEST "ROUTE 'ROUTE' true true false 7 Text 0 0 ,First,#,Database Connections\GraniteGISProd_RTD.sde\RTD.TransportationFuture\RTD.BusRoutesFuture,ROUTE,-1,-1;NAME 'NAME' true true false 35 Text 0 0 ,First,#,Database Connections\GraniteGISProd_RTD.sde\RTD.TransportationFuture\RTD.BusRoutesFuture,NAME,-1,-1;TYPE 'TYPE' true true false 3 Text 0 0 ,First,#,Database Connections\GraniteGISProd_RTD.sde\RTD.TransportationFuture\RTD.BusRoutesFuture,TYPE,-1,-1;SCHEDULE_URL 'SCHEDULE_URL' true true false 100 Text 0 0 ,First,#,Database Connections\GraniteGISProd_RTD.sde\RTD.TransportationFuture\RTD.BusRoutesFuture,SCHEDULE_URL,-1,-1;RTD_BUSROUTES_LEN 'LEN' true true false 8 Double 8 38 ,First,#;SE_ANNO_CAD_DATA 'SE_ANNO_CAD_DATA' true true false 0 Blob 0 0 ,First,#,Database Connections\GraniteGISProd_RTD.sde\RTD.TransportationFuture\RTD.BusRoutesFuture,SE_ANNO_CAD_DATA,-1,-1;SHAPE.LEN 'SHAPE.LEN' false false true 0 Double 0 0 ,First,#,Database Connections\GraniteGISProd_RTD.sde\RTD.TransportationFuture\RTD.BusRoutesFuture,SHAPE.LEN,-1,-1" # "Database Connections\GraniteGISProd_RTD.sde\RTD.Transportation\RTD.BusRoutes"</Process><Process Name="Delete Rows (2)" ToolSource="C:\Program Files\ArcGIS\ArcToolbox\Toolboxes\Data Management Tools.tbx\DeleteRows" Date="20130426" Time="090031">DeleteRows "Database Connections\GraniteGISProd_RTD.sde\RTD.Transportation\RTD.BusRoutes" "Database Connections\GraniteGISProd_RTD.sde\RTD.Transportation\RTD.BusRoutes"</Process><Process Name="Append (2)" ToolSource="C:\Program Files\ArcGIS\ArcToolbox\Toolboxes\Data Management Tools.tbx\Append" Date="20130426" Time="090037">Append 'Database Connections\GraniteGISProd_RTD.sde\RTD.TransportationFuture\RTD.BusRoutesFuture' "Database Connections\GraniteGISProd_RTD.sde\RTD.Transportation\RTD.BusRoutes" NO_TEST "ROUTE 'ROUTE' true true false 7 Text 0 0 ,First,#,Database Connections\GraniteGISProd_RTD.sde\RTD.TransportationFuture\RTD.BusRoutesFuture,ROUTE,-1,-1;NAME 'NAME' true true false 35 Text 0 0 ,First,#,Database Connections\GraniteGISProd_RTD.sde\RTD.TransportationFuture\RTD.BusRoutesFuture,NAME,-1,-1;TYPE 'TYPE' true true false 3 Text 0 0 ,First,#,Database Connections\GraniteGISProd_RTD.sde\RTD.TransportationFuture\RTD.BusRoutesFuture,TYPE,-1,-1;SCHEDULE_URL 'SCHEDULE_URL' true true false 100 Text 0 0 ,First,#,Database Connections\GraniteGISProd_RTD.sde\RTD.TransportationFuture\RTD.BusRoutesFuture,SCHEDULE_URL,-1,-1;RTD_BUSROUTES_LEN 'LEN' true true false 8 Double 8 38 ,First,#;SE_ANNO_CAD_DATA 'SE_ANNO_CAD_DATA' true true false 0 Blob 0 0 ,First,#,Database Connections\GraniteGISProd_RTD.sde\RTD.TransportationFuture\RTD.BusRoutesFuture,SE_ANNO_CAD_DATA,-1,-1;SHAPE.LEN 'SHAPE.LEN' false false true 0 Double 0 0 ,First,#,Database Connections\GraniteGISProd_RTD.sde\RTD.TransportationFuture\RTD.BusRoutesFuture,SHAPE.LEN,-1,-1" # "Database Connections\GraniteGISProd_RTD.sde\RTD.Transportation\RTD.BusRoutes"</Process><Process ToolSource="C:\Program Files\ArcGIS\ArcToolbox\Toolboxes\Data Management Tools.tbx\DeleteFeatures" Date="20130523" Time="105722">DeleteFeatures "Database Connections\GraniteGISProd_RTD.sde\RTD.Transportation\RTD.BusRoutes" "Database Connections\GraniteGISProd_RTD.sde\RTD.Transportation\RTD.BusRoutes"</Process><Process ToolSource="C:\Program Files\ArcGIS\ArcToolbox\Toolboxes\Data Management Tools.tbx\DeleteFeatures" Date="20130815" Time="180418">DeleteFeatures "Database Connections\GraniteGISProd_RTD.sde\RTD.Transportation\RTD.BusRoutes" "Database Connections\GraniteGISProd_RTD.sde\RTD.Transportation\RTD.BusRoutes"</Process><Process ToolSource="C:\Program Files\ArcGIS\ArcToolbox\Toolboxes\Data Management Tools.tbx\DeleteFeatures" Date="20140103" Time="083940">DeleteFeatures "Database Connections\GraniteGISProd_RTD.sde\RTD.Transportation\RTD.BusRoutes" "Database Connections\GraniteGISProd_RTD.sde\RTD.Transportation\RTD.BusRoutes"</Process><Process ToolSource="C:\Program Files\ArcGIS\ArcToolbox\Toolboxes\Data Management Tools.tbx\DeleteFeatures" Date="20140509" Time="092907">DeleteFeatures "Database Connections\GraniteGISProd_RTD.sde\RTD.Transportation\RTD.BusRoutes" "Database Connections\GraniteGISProd_RTD.sde\RTD.Transportation\RTD.BusRoutes"</Process><Process ToolSource="C:\Program Files\ArcGIS\ArcToolbox\Toolboxes\Data Management Tools.tbx\AddField" Date="20140806" Time="101650">AddField "Database Connections\GraniteGISProd_RTD.sde\RTD.Transportation\RTD.BusRoutes" SERVICE TEXT # # 30 # NULLABLE NON_REQUIRED # "Database Connections\GraniteGISProd_RTD.sde\RTD.Transportation\RTD.BusRoutes"</Process><Process ToolSource="C:\Program Files\ArcGIS\ArcToolbox\Toolboxes\Data Management Tools.tbx\DeleteFeatures" Date="20140806" Time="135620">DeleteFeatures "Database Connections\GraniteGISProd_RTD.sde\RTD.Transportation\RTD.BusRoutes" "Database Connections\GraniteGISProd_RTD.sde\RTD.Transportation\RTD.BusRoutes"</Process><Process ToolSource="C:\Program Files\ArcGIS\ArcToolbox\Toolboxes\Data Management Tools.tbx\DeleteFeatures" Date="20140815" Time="123155">DeleteFeatures "Database Connections\GraniteGISProd_RTD.sde\RTD.Transportation\RTD.BusRoutes" "Database Connections\GraniteGISProd_RTD.sde\RTD.Transportation\RTD.BusRoutes"</Process><Process Name="Delete Rows (2)" ToolSource="C:\Program Files\ArcGIS\ArcToolbox\Toolboxes\Data Management Tools.tbx\DeleteRows" Date="20150102" Time="063323">DeleteRows "Database Connections\GraniteGISProd_RTD.sde\RTD.Transportation\RTD.BusRoutes" "Database Connections\GraniteGISProd_RTD.sde\RTD.Transportation\RTD.BusRoutes"</Process><Process Name="Append (2)" ToolSource="C:\Program Files\ArcGIS\ArcToolbox\Toolboxes\Data Management Tools.tbx\Append" Date="20150102" Time="063336">Append 'Database Connections\GraniteGISProd_RTD.sde\RTD.TransportationFuture\RTD.BusRoutesFuture' "Database Connections\GraniteGISProd_RTD.sde\RTD.Transportation\RTD.BusRoutes" NO_TEST "ROUTE 'ROUTE' true true false 7 Text 0 0 ,First,#,Database Connections\GraniteGISProd_RTD.sde\RTD.TransportationFuture\RTD.BusRoutesFuture,ROUTE,-1,-1;NAME 'NAME' true true false 35 Text 0 0 ,First,#,Database Connections\GraniteGISProd_RTD.sde\RTD.TransportationFuture\RTD.BusRoutesFuture,NAME,-1,-1;TYPE 'TYPE' true true false 3 Text 0 0 ,First,#,Database Connections\GraniteGISProd_RTD.sde\RTD.TransportationFuture\RTD.BusRoutesFuture,TYPE,-1,-1;SCHEDULE_URL 'SCHEDULE_URL' true true false 100 Text 0 0 ,First,#,Database Connections\GraniteGISProd_RTD.sde\RTD.TransportationFuture\RTD.BusRoutesFuture,SCHEDULE_URL,-1,-1;RTD_BUSROUTES_LEN 'LEN' true true false 8 Double 8 38 ,First,#;SE_ANNO_CAD_DATA 'SE_ANNO_CAD_DATA' true true false 0 Blob 0 0 ,First,#,Database Connections\GraniteGISProd_RTD.sde\RTD.TransportationFuture\RTD.BusRoutesFuture,SE_ANNO_CAD_DATA,-1,-1;SHAPE.LEN 'SHAPE.LEN' false false true 0 Double 0 0 ,First,#,Database Connections\GraniteGISProd_RTD.sde\RTD.TransportationFuture\RTD.BusRoutesFuture,SHAPE.LEN,-1,-1" # "Database Connections\GraniteGISProd_RTD.sde\RTD.Transportation\RTD.BusRoutes"</Process><Process ToolSource="C:\Program Files\ArcGIS\ArcToolbox\Toolboxes\Data Management Tools.tbx\DeleteFeatures" Date="20150105" Time="073701">DeleteFeatures "Database Connections\GraniteGISProd_RTD.sde\RTD.Transportation\RTD.BusRoutes" "Database Connections\GraniteGISProd_RTD.sde\RTD.Transportation\RTD.BusRoutes"</Process><Process Name="Delete Rows (2)" ToolSource="C:\Program Files\ArcGIS\ArcToolbox\Toolboxes\Data Management Tools.tbx\DeleteRows" Date="20150508" Time="075856">DeleteRows "Database Connections\GraniteGISProd_RTD.sde\RTD.Transportation\RTD.BusRoutes" "Database Connections\GraniteGISProd_RTD.sde\RTD.Transportation\RTD.BusRoutes"</Process><Process Name="Append (2)" ToolSource="C:\Program Files\ArcGIS\ArcToolbox\Toolboxes\Data Management Tools.tbx\Append" Date="20150508" Time="075906">Append 'Database Connections\GraniteGISProd_RTD.sde\RTD.TransportationFuture\RTD.BusRoutesFuture' "Database Connections\GraniteGISProd_RTD.sde\RTD.Transportation\RTD.BusRoutes" NO_TEST "ROUTE 'ROUTE' true true false 7 Text 0 0 ,First,#,Database Connections\GraniteGISProd_RTD.sde\RTD.TransportationFuture\RTD.BusRoutesFuture,ROUTE,-1,-1;NAME 'NAME' true true false 35 Text 0 0 ,First,#,Database Connections\GraniteGISProd_RTD.sde\RTD.TransportationFuture\RTD.BusRoutesFuture,NAME,-1,-1;TYPE 'TYPE' true true false 3 Text 0 0 ,First,#,Database Connections\GraniteGISProd_RTD.sde\RTD.TransportationFuture\RTD.BusRoutesFuture,TYPE,-1,-1;SCHEDULE_URL 'SCHEDULE_URL' true true false 100 Text 0 0 ,First,#,Database Connections\GraniteGISProd_RTD.sde\RTD.TransportationFuture\RTD.BusRoutesFuture,SCHEDULE_URL,-1,-1;RTD_BUSROUTES_LEN 'LEN' true true false 8 Double 8 38 ,First,#;SE_ANNO_CAD_DATA 'SE_ANNO_CAD_DATA' true true false 0 Blob 0 0 ,First,#,Database Connections\GraniteGISProd_RTD.sde\RTD.TransportationFuture\RTD.BusRoutesFuture,SE_ANNO_CAD_DATA,-1,-1;SHAPE.LEN 'SHAPE.LEN' false false true 0 Double 0 0 ,First,#,Database Connections\GraniteGISProd_RTD.sde\RTD.TransportationFuture\RTD.BusRoutesFuture,SHAPE.LEN,-1,-1" # "Database Connections\GraniteGISProd_RTD.sde\RTD.Transportation\RTD.BusRoutes"</Process><Process ToolSource="C:\Program Files\ArcGIS\ArcToolbox\Toolboxes\Data Management Tools.tbx\DeleteFeatures" Date="20150512" Time="070753">DeleteFeatures "Database Connections\GraniteGISProd_RTD.sde\RTD.Transportation\RTD.BusRoutes" "Database Connections\GraniteGISProd_RTD.sde\RTD.Transportation\RTD.BusRoutes"</Process><Process ToolSource="C:\Program Files (x86)\ArcGIS\ArcToolbox\Toolboxes\Data Management Tools.tbx\DeleteFeatures" Date="20150806" Time="161233">DeleteFeatures "Database Connections\GraniteGISProd_RTD.sde\RTD.Transportation\RTD.BusRoutes" "Database Connections\GraniteGISProd_RTD.sde\RTD.Transportation\RTD.BusRoutes"</Process><Process ToolSource="C:\Program Files (x86)\ArcGIS\ArcToolbox\Toolboxes\Data Management Tools.tbx\DeleteFeatures" Date="20150806" Time="161502">DeleteFeatures "Database Connections\GraniteGISProd_RTD.sde\RTD.Transportation\RTD.BusRoutes" "Database Connections\GraniteGISProd_RTD.sde\RTD.Transportation\RTD.BusRoutes"</Process><Process ToolSource="C:\Program Files (x86)\ArcGIS\ArcToolbox\Toolboxes\Data Management Tools.tbx\Append" Date="20150806" Time="162005">Append X:\GDB\ArcSDEBackup\Data\ftp\prod\RTD_GISProd_CurrentExport.gdb\Transportation\BusRoutes "Database Connections\GraniteGISProd_RTD.sde\RTD.Transportation\RTD.BusRoutes" TEST # # "Database Connections\GraniteGISProd_RTD.sde\RTD.Transportation\RTD.BusRoutes"</Process><Process ToolSource="C:\Program Files\ArcGIS\ArcToolbox\Toolboxes\Data Management Tools.tbx\DeleteFeatures" Date="20150813" Time="104345">DeleteFeatures "Database Connections\GraniteGISProd_RTD.sde\RTD.Transportation\RTD.BusRoutes" "Database Connections\GraniteGISProd_RTD.sde\RTD.Transportation\RTD.BusRoutes"</Process><Process Name="Delete Rows (2)" ToolSource="C:\Program Files\ArcGIS\ArcToolbox\Toolboxes\Data Management Tools.tbx\DeleteRows" Date="20151231" Time="090951">DeleteRows "Database Connections\GraniteGISProd_RTD.sde\RTD.Transportation\RTD.BusRoutes" "Database Connections\GraniteGISProd_RTD.sde\RTD.Transportation\RTD.BusRoutes"</Process><Process Name="Append (2)" ToolSource="C:\Program Files\ArcGIS\ArcToolbox\Toolboxes\Data Management Tools.tbx\Append" Date="20151231" Time="090957">Append 'Database Connections\GraniteGISProd_RTD.sde\RTD.TransportationFuture\RTD.BusRoutesFuture' "Database Connections\GraniteGISProd_RTD.sde\RTD.Transportation\RTD.BusRoutes" NO_TEST "ROUTE 'ROUTE' true true false 7 Text 0 0 ,First,#,Database Connections\GraniteGISProd_RTD.sde\RTD.TransportationFuture\RTD.BusRoutesFuture,ROUTE,-1,-1;NAME 'NAME' true true false 35 Text 0 0 ,First,#,Database Connections\GraniteGISProd_RTD.sde\RTD.TransportationFuture\RTD.BusRoutesFuture,NAME,-1,-1;TYPE 'TYPE' true true false 3 Text 0 0 ,First,#,Database Connections\GraniteGISProd_RTD.sde\RTD.TransportationFuture\RTD.BusRoutesFuture,TYPE,-1,-1;SCHEDULE_URL 'SCHEDULE_URL' true true false 100 Text 0 0 ,First,#,Database Connections\GraniteGISProd_RTD.sde\RTD.TransportationFuture\RTD.BusRoutesFuture,SCHEDULE_URL,-1,-1;RTD_BUSROUTES_LEN 'LEN' true true false 8 Double 8 38 ,First,#;SE_ANNO_CAD_DATA 'SE_ANNO_CAD_DATA' true true false 0 Blob 0 0 ,First,#,Database Connections\GraniteGISProd_RTD.sde\RTD.TransportationFuture\RTD.BusRoutesFuture,SE_ANNO_CAD_DATA,-1,-1;SHAPE.LEN 'SHAPE.LEN' false false true 0 Double 0 0 ,First,#,Database Connections\GraniteGISProd_RTD.sde\RTD.TransportationFuture\RTD.BusRoutesFuture,SHAPE.LEN,-1,-1" # "Database Connections\GraniteGISProd_RTD.sde\RTD.Transportation\RTD.BusRoutes"</Process><Process ToolSource="C:\Program Files\ArcGIS\ArcToolbox\Toolboxes\Data Management Tools.tbx\DeleteFeatures" Date="20160422" Time="075237">DeleteFeatures "Database Connections\GraniteGISProd_RTD.sde\RTD.Transportation\RTD.BusRoutes" "Database Connections\GraniteGISProd_RTD.sde\RTD.Transportation\RTD.BusRoutes"</Process><Process ToolSource="C:\Program Files (x86)\ArcGIS\ArcToolbox\Toolboxes\Data Management Tools.tbx\CopyFeatures" Date="20160527" Time="200901">CopyFeatures "Database Connections\DC_GraniteGISProd_RTD.sde\RTD.Transportation\RTD.BusRoutes" X:\GDB\ArcSDEBackup\Data\ftp\prod\RTD_GISProd_CurrentExport.gdb\Transportation\BusRoutes # 0 0 0</Process><Process ToolSource="E:\arcgis\ArcToolbox\Toolboxes\Conversion Tools.tbx\FeatureClassToFeatureClass" Date="20160530" Time="030005">FeatureClassToFeatureClass BusRoutes_layer "c:\Documents and Settings\gisadmin\Local Settings\Temp\tmp3nbjic\BusRoutes" BusRoutes.shp # "ROUTE 'ROUTE' true true false 7 Text 0 0 ,First,#,BusRoutes_layer,ROUTE,-1,-1;NAME 'NAME' true true false 35 Text 0 0 ,First,#,BusRoutes_layer,NAME,-1,-1;TYPE 'TYPE' true true false 3 Text 0 0 ,First,#,BusRoutes_layer,TYPE,-1,-1;SCHEDULE 'SCHEDULE_URL' true true false 100 Text 0 0 ,First,#,BusRoutes_layer,SCHEDULE_URL,-1,-1" # "c:\Documents and Settings\gisadmin\Local Settings\Temp\tmp3nbjic\BusRoutes\BusRoutes.shp"</Process></lineage></DataProperties><MetaID>{46B9B5FD-573A-432A-B735-5FAAE60D808A}</MetaID></Esri><dataIdInfo><envirDesc Sync="TRUE">Microsoft Windows 2000 Version 5.2 (Build 3790) Service Pack 2; ESRI ArcCatalog 9.3.1.4000</envirDesc><dataLang><languageCode Sync="TRUE" value="en"></languageCode></dataLang><idCitation><resTitle Sync="TRUE">BusRoutes</resTitle><presForm><PresFormCd Sync="TRUE" value="005"></PresFormCd></presForm></idCitation><spatRpType><SpatRepTypCd Sync="TRUE" value="001"></SpatRepTypCd></spatRpType><dataExt><geoEle><GeoBndBox esriExtentType="native"><westBL Sync="TRUE">2978211.25</westBL><eastBL Sync="TRUE">3233284</eastBL><northBL Sync="TRUE">1871329.125</northBL><southBL Sync="TRUE">1565083.875</southBL><exTypeCode Sync="TRUE">1</exTypeCode></GeoBndBox></geoEle></dataExt><geoBox esriExtentType="decdegrees"><westBL Sync="TRUE">-105.578019</westBL><eastBL Sync="TRUE">-104.664703</eastBL><northBL Sync="TRUE">40.225593</northBL><southBL Sync="TRUE">39.382</southBL><exTypeCode Sync="TRUE">1</exTypeCode></geoBox></dataIdInfo><mdLang><languageCode Sync="TRUE" value="en"></languageCode></mdLang><mdStanName Sync="TRUE">ISO 19115 Geographic Information - Metadata</mdStanName><mdStanVer Sync="TRUE">DIS_ESRI1.0</mdStanVer><mdChar><CharSetCd Sync="TRUE" value="004"></CharSetCd></mdChar><mdHrLv><ScopeCd Sync="TRUE" value="005"></ScopeCd></mdHrLv><mdHrLvName Sync="TRUE">dataset</mdHrLvName><distInfo><distributor><distorTran><onLineSrc><orDesc Sync="TRUE">002</orDesc><linkage Sync="TRUE">file://\\GYRUS\C$\Documents and Settings\gisadmin\Local Settings\Temp\tmp3nbjic\BusRoutes\BusRoutes.shp</linkage><protocol Sync="TRUE">Local Area Network</protocol></onLineSrc><transSize Sync="TRUE">0.000</transSize></distorTran><distorFormat><formatName Sync="TRUE">Shapefile</formatName></distorFormat></distributor></distInfo><refSysInfo><RefSystem><refSysID><identCode Sync="TRUE">NAD_1983_StatePlane_Colorado_Central_FIPS_0502_Feet</identCode></refSysID></RefSystem></refSysInfo><spatRepInfo><VectSpatRep><topLvl><TopoLevCd Sync="TRUE" value="001"></TopoLevCd></topLvl><geometObjs Name="BusRoutes"><geoObjTyp><GeoObjTypCd Sync="TRUE" value="001"></GeoObjTypCd></geoObjTyp><geoObjCnt Sync="TRUE">0</geoObjCnt></geometObjs></VectSpatRep></spatRepInfo><mdDateSt Sync="TRUE">20160530</mdDateSt></metadata>
